Node_Nos.,X_Co-ordinate,Y_Co-ordinate,Z_Co-ordinate,DL_Influence_Area_Name,DL_Influence_Surface_Area_sqmt,DL_Surface_U_Value_mt,DL_Surface_v_Value_mt,DL_Red,DL_Green,DL_Blue,DL_%Factor_Per_Floor_Area,DL_Masking,Sunhour/Solar Radiation_Influence_Area_Name,Facad_Bldg_Envelop_Area_sqmt,Facad_Bldg_Envelop_U_Surface_mt,Facad_Bldg_Envelop__V_Surface_mt,Sunhour_Red,Sunhour_Green,Sunhour_Blue,Sunhour_Per_Sqmt_Facad,Solar_Radiatiion_Red,Solar_Radiatiion_Green,Solar_Radiatiion_Blue,Solar_Radiatiion_Per_Sqmt_Facad
0,258.309214,222.935534,7.5,0,0,0,0,0,0,0,0,0,N/A,N/A,N/A,N/A,N/A,N/A,N/A,N/A,N/A,N/A,N/A,N/A
1,259.900204,224.526524,7.5,0,0,0,0,0,0,0,0,0,N/A,N/A,N/A,N/A,N/A,N/A,N/A,N/A,N/A,N/A,N/A,N/A
2,251.768476,216.394796,7.5,0,0,0,0,0,0,0,0,0,N/A,N/A,N/A,N/A,N/A,N/A,N/A,N/A,N/A,N/A,N/A,N/A
3,256.718223,225.587184,2.5,0,0,0,0,0,0,0,0,0,N/A,N/A,N/A,N/A,N/A,N/A,N/A,N/A,N/A,N/A,N/A,N/A
4,256.718223,225.587184,7.5,0,0,0,0,0,0,0,0,0,N/A,N/A,N/A,N/A,N/A,N/A,N/A,N/A,N/A,N/A,N/A,N/A
5,253.889796,214.273476,2.5,0,0,0,0,0,0,0,0,0,N/A,N/A,N/A,N/A,N/A,N/A,N/A,N/A,N/A,N/A,N/A,N/A
6,261.844747,209.500505,7.5,0,0,0,0,0,0,0,0,0,N/A,N/A,N/A,N/A,N/A,N/A,N/A,N/A,N/A,N/A,N/A,N/A
7,259.193097,211.091495,7.5,0,0,0,0,0,0,0,0,0,N/A,N/A,N/A,N/A,N/A,N/A,N/A,N/A,N/A,N/A,N/A,N/A
8,251.768476,216.394796,2.5,0,0,0,0,0,0,0,0,0,N/A,N/A,N/A,N/A,N/A,N/A,N/A,N/A,N/A,N/A,N/A,N/A
9,253.889796,214.273476,7.5,0,0,0,0,0,0,0,0,0,N/A,N/A,N/A,N/A,N/A,N/A,N/A,N/A,N/A,N/A,N/A,N/A
10,246.995505,224.349747,7.5,0,0,0,0,0,0,0,0,0,N/A,N/A,N/A,N/A,N/A,N/A,N/A,N/A,N/A,N/A,N/A,N/A
11,260.253757,207.909515,2.5,0,0,0,0,0,0,0,0,0,N/A,N/A,N/A,N/A,N/A,N/A,N/A,N/A,N/A,N/A,N/A,N/A
12,260.253757,207.909515,7.5,0,0,0,0,0,0,0,0,0,N/A,N/A,N/A,N/A,N/A,N/A,N/A,N/A,N/A,N/A,N/A,N/A
13,258.309214,222.935534,2.5,0,0,0,0,0,0,0,0,0,N/A,N/A,N/A,N/A,N/A,N/A,N/A,N/A,N/A,N/A,N/A,N/A
14,245.404515,222.758757,7.5,0,0,0,0,0,0,0,0,0,N/A,N/A,N/A,N/A,N/A,N/A,N/A,N/A,N/A,N/A,N/A,N/A
15,262.021524,222.405204,2.5,0,0,0,0,0,0,0,0,0,N/A,N/A,N/A,N/A,N/A,N/A,N/A,N/A,N/A,N/A,N/A,N/A
16,268.385485,216.041243,2.5,0,0,0,0,0,0,0,0,0,N/A,N/A,N/A,N/A,N/A,N/A,N/A,N/A,N/A,N/A,N/A,N/A
17,260.430534,220.814214,2.5,0,0,0,0,0,0,0,0,0,N/A,N/A,N/A,N/A,N/A,N/A,N/A,N/A,N/A,N/A,N/A,N/A
18,259.900204,224.526524,2.5,0,0,0,0,0,0,0,0,0,N/A,N/A,N/A,N/A,N/A,N/A,N/A,N/A,N/A,N/A,N/A,N/A
19,263.082184,219.223223,2.5,0,0,0,0,0,0,0,0,0,N/A,N/A,N/A,N/A,N/A,N/A,N/A,N/A,N/A,N/A,N/A,N/A
20,262.021524,222.405204,7.5,0,0,0,0,0,0,0,0,0,N/A,N/A,N/A,N/A,N/A,N/A,N/A,N/A,N/A,N/A,N/A,N/A
21,253.536243,230.890485,2.5,0,0,0,0,0,0,0,0,0,N/A,N/A,N/A,N/A,N/A,N/A,N/A,N/A,N/A,N/A,N/A,N/A
22,251.945253,229.299495,2.5,0,0,0,0,0,0,0,0,0,N/A,N/A,N/A,N/A,N/A,N/A,N/A,N/A,N/A,N/A,N/A,N/A
23,251.945253,229.299495,7.5,0,0,0,0,0,0,0,0,0,N/A,N/A,N/A,N/A,N/A,N/A,N/A,N/A,N/A,N/A,N/A,N/A
24,265.203505,217.101903,7.5,0,0,0,0,0,0,0,0,0,N/A,N/A,N/A,N/A,N/A,N/A,N/A,N/A,N/A,N/A,N/A,N/A
25,266.794495,214.450253,2.5,0,0,0,0,0,0,0,0,0,N/A,N/A,N/A,N/A,N/A,N/A,N/A,N/A,N/A,N/A,N/A,N/A
26,254.596903,227.708505,2.5,0,0,0,0,0,0,0,0,0,N/A,N/A,N/A,N/A,N/A,N/A,N/A,N/A,N/A,N/A,N/A,N/A
27,248.586495,221.698097,7.5,0,0,0,0,0,0,0,0,0,N/A,N/A,N/A,N/A,N/A,N/A,N/A,N/A,N/A,N/A,N/A,N/A
28,250.707816,219.576777,7.5,0,0,0,0,0,0,0,0,0,N/A,N/A,N/A,N/A,N/A,N/A,N/A,N/A,N/A,N/A,N/A,N/A
29,256.895,219.4,7.5,0,0,0,0,0,0,0,0,0,N/A,N/A,N/A,N/A,N/A,N/A,N/A,N/A,N/A,N/A,N/A,N/A
30,265.203505,217.101903,2.5,0,0,0,0,0,0,0,0,0,N/A,N/A,N/A,N/A,N/A,N/A,N/A,N/A,N/A,N/A,N/A,N/A
31,255.480786,215.864466,7.5,0,0,0,0,0,0,0,0,0,N/A,N/A,N/A,N/A,N/A,N/A,N/A,N/A,N/A,N/A,N/A,N/A
32,245.404515,222.758757,2.5,0,0,0,0,0,0,0,0,0,N/A,N/A,N/A,N/A,N/A,N/A,N/A,N/A,N/A,N/A,N/A,N/A
33,268.385485,216.041243,7.5,0,0,0,0,0,0,0,0,0,N/A,N/A,N/A,N/A,N/A,N/A,N/A,N/A,N/A,N/A,N/A,N/A
34,260.430534,220.814214,7.5,0,0,0,0,0,0,0,0,0,N/A,N/A,N/A,N/A,N/A,N/A,N/A,N/A,N/A,N/A,N/A,N/A
35,250.707816,219.576777,2.5,0,0,0,0,0,0,0,0,0,N/A,N/A,N/A,N/A,N/A,N/A,N/A,N/A,N/A,N/A,N/A,N/A
36,253.359466,217.985786,2.5,0,0,0,0,0,0,0,0,0,N/A,N/A,N/A,N/A,N/A,N/A,N/A,N/A,N/A,N/A,N/A,N/A
37,255.480786,215.864466,2.5,0,0,0,0,0,0,0,0,0,N/A,N/A,N/A,N/A,N/A,N/A,N/A,N/A,N/A,N/A,N/A,N/A
38,246.995505,224.349747,2.5,0,0,0,0,0,0,0,0,0,N/A,N/A,N/A,N/A,N/A,N/A,N/A,N/A,N/A,N/A,N/A,N/A
39,256.895,219.4,2.5,0,0,0,0,0,0,0,0,0,N/A,N/A,N/A,N/A,N/A,N/A,N/A,N/A,N/A,N/A,N/A,N/A
40,257.071777,213.212816,7.5,0,0,0,0,0,0,0,0,0,N/A,N/A,N/A,N/A,N/A,N/A,N/A,N/A,N/A,N/A,N/A,N/A
41,266.794495,214.450253,7.5,0,0,0,0,0,0,0,0,0,N/A,N/A,N/A,N/A,N/A,N/A,N/A,N/A,N/A,N/A,N/A,N/A
42,263.082184,219.223223,7.5,0,0,0,0,0,0,0,0,0,N/A,N/A,N/A,N/A,N/A,N/A,N/A,N/A,N/A,N/A,N/A,N/A
43,253.359466,217.985786,7.5,0,0,0,0,0,0,0,0,0,N/A,N/A,N/A,N/A,N/A,N/A,N/A,N/A,N/A,N/A,N/A,N/A
44,257.071777,213.212816,2.5,0,0,0,0,0,0,0,0,0,N/A,N/A,N/A,N/A,N/A,N/A,N/A,N/A,N/A,N/A,N/A,N/A
45,266.440942,209.854058,5,0,0,0,0,0,0,0,0,0,N/A,N/A,N/A,N/A,N/A,N/A,N/A,N/A,N/A,N/A,N/A,N/A
46,254.596903,227.708505,7.5,0,0,0,0,0,0,0,0,0,N/A,N/A,N/A,N/A,N/A,N/A,N/A,N/A,N/A,N/A,N/A,N/A
47,261.844747,209.500505,2.5,0,0,0,0,0,0,0,0,0,N/A,N/A,N/A,N/A,N/A,N/A,N/A,N/A,N/A,N/A,N/A,N/A
48,247.349058,228.945942,5,0,0,0,0,0,0,0,0,0,N/A,N/A,N/A,N/A,N/A,N/A,N/A,N/A,N/A,N/A,N/A,N/A
49,259.193097,211.091495,2.5,0,0,0,0,0,0,0,0,0,N/A,N/A,N/A,N/A,N/A,N/A,N/A,N/A,N/A,N/A,N/A,N/A
50,252.829136,221.698097,2.5,0,0,0,0,0,0,0,0,0,N/A,N/A,N/A,N/A,N/A,N/A,N/A,N/A,N/A,N/A,N/A,N/A
51,248.056165,223.289087,2.5,0,0,0,0,0,0,0,0,0,N/A,N/A,N/A,N/A,N/A,N/A,N/A,N/A,N/A,N/A,N/A,N/A
52,256.895,219.4,0,Floor_Surface,96,24,14.5,75,107,169,0,1,N/A,N/A,N/A,N/A,N/A,N/A,N/A,N/A,N/A,N/A,N/A,N/A
53,252.298806,219.046447,2.5,0,0,0,0,0,0,0,0,0,N/A,N/A,N/A,N/A,N/A,N/A,N/A,N/A,N/A,N/A,N/A,N/A
54,248.586495,221.698097,0,Floor_Surface,18,3,6,238,139,16,73,1,N/A,N/A,N/A,N/A,N/A,N/A,N/A,N/A,N/A,N/A,N/A,N/A
55,262.375078,210.030835,2.5,0,0,0,0,0,0,0,0,0,N/A,N/A,N/A,N/A,N/A,N/A,N/A,N/A,N/A,N/A,N/A,N/A
56,246.465175,221.698097,2.5,0,0,0,0,0,0,0,0,0,N/A,N/A,N/A,N/A,N/A,N/A,N/A,N/A,N/A,N/A,N/A,N/A
57,248.586495,217.455456,2.5,Window,5.4,1.8,3,0,0,0,0,1,Facad/Bldg_Ext_Envelope,15.000016,3,5,0.972549,0.066667,0.027451,1819.733333,0.698039,0.796078,0.882353,738.91541
58,250.707816,217.455456,2.5,0,0,0,0,0,0,0,0,0,N/A,N/A,N/A,N/A,N/A,N/A,N/A,N/A,N/A,N/A,N/A,N/A
59,253.359466,220.107107,2.5,0,0,0,0,0,0,0,0,0,N/A,N/A,N/A,N/A,N/A,N/A,N/A,N/A,N/A,N/A,N/A,N/A
60,250.707816,219.576777,5,Floor_Surface,18,3,6,237,135,13,74,1,N/A,N/A,N/A,N/A,N/A,N/A,N/A,N/A,N/A,N/A,N/A,N/A
61,250.707816,219.576777,0,Floor_Surface,18,3,6,238,139,16,73,1,N/A,N/A,N/A,N/A,N/A,N/A,N/A,N/A,N/A,N/A,N/A,N/A
62,249.116825,224.349747,2.5,0,0,0,0,0,0,0,0,0,N/A,N/A,N/A,N/A,N/A,N/A,N/A,N/A,N/A,N/A,N/A,N/A
63,248.586495,221.698097,5,Floor_Surface,18,3,6,238,136,14,74,1,N/A,N/A,N/A,N/A,N/A,N/A,N/A,N/A,N/A,N/A,N/A,N/A
64,261.844747,211.621825,2.5,0,0,0,0,0,0,0,0,0,N/A,N/A,N/A,N/A,N/A,N/A,N/A,N/A,N/A,N/A,N/A,N/A
65,253.889796,218.516117,2.5,0,0,0,0,0,0,0,0,0,N/A,N/A,N/A,N/A,N/A,N/A,N/A,N/A,N/A,N/A,N/A,N/A
66,266.264165,213.919922,2.5,0,0,0,0,0,0,0,0,0,N/A,N/A,N/A,N/A,N/A,N/A,N/A,N/A,N/A,N/A,N/A,N/A
67,259.193097,215.334136,2.5,0,0,0,0,0,0,0,0,0,N/A,N/A,N/A,N/A,N/A,N/A,N/A,N/A,N/A,N/A,N/A,N/A
68,264.673175,214.450253,2.5,0,0,0,0,0,0,0,0,0,N/A,N/A,N/A,N/A,N/A,N/A,N/A,N/A,N/A,N/A,N/A,N/A
69,251.414922,228.769165,2.5,0,0,0,0,0,0,0,0,0,N/A,N/A,N/A,N/A,N/A,N/A,N/A,N/A,N/A,N/A,N/A,N/A
70,261.314417,213.212816,2.5,0,0,0,0,0,0,0,0,0,N/A,N/A,N/A,N/A,N/A,N/A,N/A,N/A,N/A,N/A,N/A,N/A
71,251.945253,227.178175,2.5,0,0,0,0,0,0,0,0,0,N/A,N/A,N/A,N/A,N/A,N/A,N/A,N/A,N/A,N/A,N/A,N/A
72,252.475583,225.587184,2.5,0,0,0,0,0,0,0,0,0,N/A,N/A,N/A,N/A,N/A,N/A,N/A,N/A,N/A,N/A,N/A,N/A
73,257.602107,215.864466,2.5,0,0,0,0,0,0,0,0,0,N/A,N/A,N/A,N/A,N/A,N/A,N/A,N/A,N/A,N/A,N/A,N/A
74,254.596903,223.465864,2.5,0,0,0,0,0,0,0,0,0,N/A,N/A,N/A,N/A,N/A,N/A,N/A,N/A,N/A,N/A,N/A,N/A
75,256.011117,216.394796,2.5,0,0,0,0,0,0,0,0,0,N/A,N/A,N/A,N/A,N/A,N/A,N/A,N/A,N/A,N/A,N/A,N/A
76,247.525835,224.880078,2.5,0,0,0,0,0,0,0,0,0,N/A,N/A,N/A,N/A,N/A,N/A,N/A,N/A,N/A,N/A,N/A,N/A
77,253.536243,230.890485,7.5,0,0,0,0,0,0,0,0,0,N/A,N/A,N/A,N/A,N/A,N/A,N/A,N/A,N/A,N/A,N/A,N/A
78,248.586495,221.698097,2.5,0,0,0,0,0,0,0,0,0,N/A,N/A,N/A,N/A,N/A,N/A,N/A,N/A,N/A,N/A,N/A,N/A
79,250.707816,223.819417,2.5,0,0,0,0,0,0,0,0,0,N/A,N/A,N/A,N/A,N/A,N/A,N/A,N/A,N/A,N/A,N/A,N/A
80,246.465175,219.576777,2.5,Window,5.4,1.8,3,0,0,0,0,1,Facad/Bldg_Ext_Envelope,15.000016,3,5,0.945098,0.035294,0.054902,1719.933333,0.917647,0.176471,0,699.416238
81,249.647155,220.637437,2.5,0,0,0,0,0,0,0,0,0,N/A,N/A,N/A,N/A,N/A,N/A,N/A,N/A,N/A,N/A,N/A,N/A
82,255.480786,215.864466,5,Floor_Surface,4.5,3,1.5,75,107,169,0,1,N/A,N/A,N/A,N/A,N/A,N/A,N/A,N/A,N/A,N/A,N/A,N/A
83,257.071777,208.970175,2.5,Window,5.4,1.8,3,0,0,0,0,1,Facad/Bldg_Ext_Envelope,15.00007,3,5,1,0.176471,0,2064.533333,0.439216,0.564706,0.780392,854.360547
84,267.324825,219.223223,2.5,Window,5.4,1.8,3,0,0,0,0,1,Facad/Bldg_Ext_Envelope,15.00007,3,5,0.223529,0,0.776471,393,0.796078,0.854902,0.733333,205.454532
85,254.950456,215.334136,2.5,0,0,0,0,0,0,0,0,0,N/A,N/A,N/A,N/A,N/A,N/A,N/A,N/A,N/A,N/A,N/A,N/A
86,259.193097,208.970175,2.5,0,0,0,0,0,0,0,0,0,N/A,N/A,N/A,N/A,N/A,N/A,N/A,N/A,N/A,N/A,N/A,N/A
87,264.142845,218.162563,2.5,0,0,0,0,0,0,0,0,0,N/A,N/A,N/A,N/A,N/A,N/A,N/A,N/A,N/A,N/A,N/A,N/A
88,255.480786,215.864466,0,Floor_Surface,4.5,3,1.5,75,107,169,0,1,N/A,N/A,N/A,N/A,N/A,N/A,N/A,N/A,N/A,N/A,N/A,N/A
89,265.733835,215.510913,2.5,0,0,0,0,0,0,0,0,0,N/A,N/A,N/A,N/A,N/A,N/A,N/A,N/A,N/A,N/A,N/A,N/A
90,259.193097,211.091495,5,Floor_Surface,18,3,6,237,134,13,74,1,N/A,N/A,N/A,N/A,N/A,N/A,N/A,N/A,N/A,N/A,N/A,N/A
91,257.071777,213.212816,0,Floor_Surface,18,3,6,238,139,16,73,1,N/A,N/A,N/A,N/A,N/A,N/A,N/A,N/A,N/A,N/A,N/A,N/A
92,259.193097,211.091495,0,Floor_Surface,18,3,6,238,139,16,74,1,N/A,N/A,N/A,N/A,N/A,N/A,N/A,N/A,N/A,N/A,N/A,N/A
93,256.541447,214.803806,2.5,0,0,0,0,0,0,0,0,0,N/A,N/A,N/A,N/A,N/A,N/A,N/A,N/A,N/A,N/A,N/A,N/A
94,258.132437,212.152155,2.5,0,0,0,0,0,0,0,0,0,N/A,N/A,N/A,N/A,N/A,N/A,N/A,N/A,N/A,N/A,N/A,N/A
95,254.950456,211.091495,2.5,Window,5.4,1.8,3,0,0,0,0,1,Facad/Bldg_Ext_Envelope,14.999962,3,5,1,0.164706,0,2043.066667,0.917647,0.160784,0,853.902026
96,257.071777,213.212816,5,Floor_Surface,18,3,6,238,136,15,74,1,N/A,N/A,N/A,N/A,N/A,N/A,N/A,N/A,N/A,N/A,N/A,N/A
97,254.950456,213.212816,2.5,0,0,0,0,0,0,0,0,0,N/A,N/A,N/A,N/A,N/A,N/A,N/A,N/A,N/A,N/A,N/A,N/A
98,256.895,219.4,5,Floor_Surface,96,24,14.5,75,107,169,0,1,N/A,N/A,N/A,N/A,N/A,N/A,N/A,N/A,N/A,N/A,N/A,N/A
99,246.465175,223.819417,2.5,0,0,0,0,0,0,0,0,0,N/A,N/A,N/A,N/A,N/A,N/A,N/A,N/A,N/A,N/A,N/A,N/A
100,248.409719,227.885281,2.5,0,0,0,0,0,0,0,0,0,N/A,N/A,N/A,N/A,N/A,N/A,N/A,N/A,N/A,N/A,N/A,N/A
101,245.934845,225.410408,2.5,0,0,0,0,0,0,0,0,0,Facad/Bldg_Ext_Envelope,7.500008,1.5,5,0.27451,0,0.721569,649.2,0.960784,0.917647,0.380392,279.381889
102,246.995505,224.349747,5,Floor_Surface,4.5,3,1.5,75,107,169,0,1,N/A,N/A,N/A,N/A,N/A,N/A,N/A,N/A,N/A,N/A,N/A,N/A
103,263.082184,214.980583,2.5,0,0,0,0,0,0,0,0,0,N/A,N/A,N/A,N/A,N/A,N/A,N/A,N/A,N/A,N/A,N/A,N/A
104,246.995505,224.349747,0,Floor_Surface,4.5,3,1.5,75,107,169,0,1,N/A,N/A,N/A,N/A,N/A,N/A,N/A,N/A,N/A,N/A,N/A,N/A
105,256.187893,222.935534,2.5,0,0,0,0,0,0,0,0,0,N/A,N/A,N/A,N/A,N/A,N/A,N/A,N/A,N/A,N/A,N/A,N/A
106,260.960864,217.101903,2.5,0,0,0,0,0,0,0,0,0,N/A,N/A,N/A,N/A,N/A,N/A,N/A,N/A,N/A,N/A,N/A,N/A
107,259.900204,220.283883,2.5,0,0,0,0,0,0,0,0,0,N/A,N/A,N/A,N/A,N/A,N/A,N/A,N/A,N/A,N/A,N/A,N/A
108,265.380281,210.914719,2.5,0,0,0,0,0,0,0,0,0,N/A,N/A,N/A,N/A,N/A,N/A,N/A,N/A,N/A,N/A,N/A,N/A
109,260.430534,218.692893,2.5,0,0,0,0,0,0,0,0,0,N/A,N/A,N/A,N/A,N/A,N/A,N/A,N/A,N/A,N/A,N/A,N/A
110,257.778883,222.405204,2.5,0,0,0,0,0,0,0,0,0,N/A,N/A,N/A,N/A,N/A,N/A,N/A,N/A,N/A,N/A,N/A,N/A
111,248.056165,223.289087,7.5,0,0,0,0,0,0,0,0,0,N/A,N/A,N/A,N/A,N/A,N/A,N/A,N/A,N/A,N/A,N/A,N/A
112,246.465175,221.698097,7.5,0,0,0,0,0,0,0,0,0,N/A,N/A,N/A,N/A,N/A,N/A,N/A,N/A,N/A,N/A,N/A,N/A
113,245.404515,222.758757,5,Floor_Surface,9,3,3,234,102,1,82,1,N/A,N/A,N/A,N/A,N/A,N/A,N/A,N/A,N/A,N/A,N/A,N/A
114,244.343855,221.698097,2.5,Window,5.4,1.8,3,0,0,0,0,1,Facad/Bldg_Ext_Envelope,15.000016,3,5,0.901961,0.019608,0.098039,1614.533333,0.596078,0.713725,0.894118,616.844718
115,249.116825,224.349747,7.5,0,0,0,0,0,0,0,0,0,N/A,N/A,N/A,N/A,N/A,N/A,N/A,N/A,N/A,N/A,N/A,N/A
116,254.420126,216.925126,2.5,0,0,0,0,0,0,0,0,0,N/A,N/A,N/A,N/A,N/A,N/A,N/A,N/A,N/A,N/A,N/A,N/A
117,252.829136,217.455456,2.5,0,0,0,0,0,0,0,0,0,N/A,N/A,N/A,N/A,N/A,N/A,N/A,N/A,N/A,N/A,N/A,N/A
118,246.465175,219.576777,7.5,Window,5.4,1.8,3,0,0,0,0,1,Facad/Bldg_Ext_Envelope,15.000016,3,5,1,0.345098,0,2355.4,0.976471,0.862745,0.27451,856.765451
119,249.647155,220.637437,7.5,0,0,0,0,0,0,0,0,0,N/A,N/A,N/A,N/A,N/A,N/A,N/A,N/A,N/A,N/A,N/A,N/A
120,250.707816,223.819417,7.5,0,0,0,0,0,0,0,0,0,N/A,N/A,N/A,N/A,N/A,N/A,N/A,N/A,N/A,N/A,N/A,N/A
121,253.359466,217.985786,5,Floor_Surface,4.5,3,1.5,75,107,169,0,1,N/A,N/A,N/A,N/A,N/A,N/A,N/A,N/A,N/A,N/A,N/A,N/A
122,244.343855,223.819417,2.5,0,0,0,0,0,0,0,0,0,Facad/Bldg_Ext_Envelope,15.000016,3,5,0.184314,0,0.815686,327.133333,0.454902,0.580392,0.796078,254.754234
123,248.586495,221.698097,10,0,0,0,0,0,0,0,0,0,Facad/Bldg_Ext_Envelope,18.000039,3,6,1,0.992157,0,3652.111111,0.933333,0.588235,0.070588,1180.102184
124,253.359466,217.985786,0,Floor_Surface,4.5,3,1.5,75,107,169,0,1,N/A,N/A,N/A,N/A,N/A,N/A,N/A,N/A,N/A,N/A,N/A,N/A
125,250.707816,215.334136,2.5,Window,5.4,1.8,3,0,0,0,0,1,Facad/Bldg_Ext_Envelope,14.999962,3,5,0.992157,0.101961,0.007843,1919.333333,0.490196,0.611765,0.815686,776.19892
126,245.404515,222.758757,0,Floor_Surface,9,3,3,234,103,1,82,1,N/A,N/A,N/A,N/A,N/A,N/A,N/A,N/A,N/A,N/A,N/A,N/A
127,248.586495,217.455456,7.5,Window,5.4,1.8,3,0,0,0,0,1,Facad/Bldg_Ext_Envelope,15.000016,3,5,1,0.360784,0,2386.8,0.917647,0.176471,0,879.292705
128,253.359466,220.107107,7.5,0,0,0,0,0,0,0,0,0,N/A,N/A,N/A,N/A,N/A,N/A,N/A,N/A,N/A,N/A,N/A,N/A
129,261.314417,208.970175,2.5,0,0,0,0,0,0,0,0,0,N/A,N/A,N/A,N/A,N/A,N/A,N/A,N/A,N/A,N/A,N/A,N/A
130,251.768476,216.394796,5,Floor_Surface,9,3,3,234,102,1,82,1,N/A,N/A,N/A,N/A,N/A,N/A,N/A,N/A,N/A,N/A,N/A,N/A
131,260.784087,210.561165,2.5,0,0,0,0,0,0,0,0,0,N/A,N/A,N/A,N/A,N/A,N/A,N/A,N/A,N/A,N/A,N/A,N/A
132,252.829136,221.698097,7.5,0,0,0,0,0,0,0,0,0,N/A,N/A,N/A,N/A,N/A,N/A,N/A,N/A,N/A,N/A,N/A,N/A
133,250.707816,217.455456,7.5,0,0,0,0,0,0,0,0,0,N/A,N/A,N/A,N/A,N/A,N/A,N/A,N/A,N/A,N/A,N/A,N/A
134,252.298806,219.046447,7.5,0,0,0,0,0,0,0,0,0,N/A,N/A,N/A,N/A,N/A,N/A,N/A,N/A,N/A,N/A,N/A,N/A
135,250.707816,219.576777,10,0,0,0,0,0,0,0,0,0,Facad/Bldg_Ext_Envelope,18.000039,6,3,1,0.988235,0,3641.777778,0.443137,0.568627,0.784314,1180.127193
136,261.844747,209.500505,5,Floor_Surface,4.5,3,1.5,75,107,169,0,1,N/A,N/A,N/A,N/A,N/A,N/A,N/A,N/A,N/A,N/A,N/A,N/A
137,251.768476,216.394796,0,Floor_Surface,9,3,3,234,103,1,82,1,N/A,N/A,N/A,N/A,N/A,N/A,N/A,N/A,N/A,N/A,N/A,N/A
138,262.905408,208.439845,2.5,0,0,0,0,0,0,0,0,0,Facad/Bldg_Ext_Envelope,7.4999,1.5,5,0.682353,0,0.317647,1597.866667,0.956863,0.721569,0.160784,473.989921
139,252.829136,215.334136,2.5,0,0,0,0,0,0,0,0,0,N/A,N/A,N/A,N/A,N/A,N/A,N/A,N/A,N/A,N/A,N/A,N/A
140,261.844747,209.500505,0,Floor_Surface,4.5,3,1.5,75,107,169,0,1,N/A,N/A,N/A,N/A,N/A,N/A,N/A,N/A,N/A,N/A,N/A,N/A
141,265.380281,210.914719,7.5,0,0,0,0,0,0,0,0,0,N/A,N/A,N/A,N/A,N/A,N/A,N/A,N/A,N/A,N/A,N/A,N/A
142,266.440942,209.854058,10,0,0,0,0,0,0,0,0,0,Facad/Bldg_Ext_Envelope,16.49999,3,5.5,0.12549,0,0.87451,2792.242424,0.917647,0.239216,0,961.970385
143,258.309214,222.935534,5,Floor_Surface,4.5,3,1.5,75,107,169,0,1,N/A,N/A,N/A,N/A,N/A,N/A,N/A,N/A,N/A,N/A,N/A,N/A
144,247.349058,228.945942,0,0,0,0,0,0,0,0,0,0,N/A,N/A,N/A,N/A,N/A,N/A,N/A,N/A,N/A,N/A,N/A,N/A
145,260.960864,221.344544,2.5,0,0,0,0,0,0,0,0,0,N/A,N/A,N/A,N/A,N/A,N/A,N/A,N/A,N/A,N/A,N/A,N/A
146,261.491194,219.753553,2.5,0,0,0,0,0,0,0,0,0,N/A,N/A,N/A,N/A,N/A,N/A,N/A,N/A,N/A,N/A,N/A,N/A
147,260.430534,220.814214,5,Floor_Surface,4.5,3,1.5,75,107,169,0,1,N/A,N/A,N/A,N/A,N/A,N/A,N/A,N/A,N/A,N/A,N/A,N/A
148,265.203505,221.344544,2.5,Window,5.4,1.8,3,0,0,0,0,1,Facad/Bldg_Ext_Envelope,14.999908,3,5,0.207843,0,0.792157,367.266667,0.921569,0.509804,0.019608,201.566084
149,263.082184,221.344544,2.5,0,0,0,0,0,0,0,0,0,N/A,N/A,N/A,N/A,N/A,N/A,N/A,N/A,N/A,N/A,N/A,N/A
150,263.082184,219.223223,0,Floor_Surface,18,3,6,214,166,87,30,1,N/A,N/A,N/A,N/A,N/A,N/A,N/A,N/A,N/A,N/A,N/A,N/A
151,260.430534,220.814214,0,Floor_Surface,4.5,3,1.5,75,107,169,0,1,N/A,N/A,N/A,N/A,N/A,N/A,N/A,N/A,N/A,N/A,N/A,N/A
152,263.082184,219.223223,5,Floor_Surface,18,3,6,226,170,75,32,1,N/A,N/A,N/A,N/A,N/A,N/A,N/A,N/A,N/A,N/A,N/A,N/A
153,266.440942,209.854058,0,0,0,0,0,0,0,0,0,0,N/A,N/A,N/A,N/A,N/A,N/A,N/A,N/A,N/A,N/A,N/A,N/A
154,267.501602,208.793398,5,0,0,0,0,0,0,0,0,0,Facad/Bldg_Ext_Envelope,54.999844,10,5.5,0.6,0,0.4,961.072727,0.486275,0.607843,0.819608,269.67991
155,258.309214,222.935534,0,Floor_Surface,4.5,3,1.5,75,107,169,0,1,N/A,N/A,N/A,N/A,N/A,N/A,N/A,N/A,N/A,N/A,N/A,N/A
156,268.385485,211.798602,5,0,0,0,0,0,0,0,0,0,Facad/Bldg_Ext_Envelope,29.999924,10,3,0.039216,0,0.960784,221.4,0.639216,0.741176,0.85098,147.720681
157,264.496398,207.909515,5,0,0,0,0,0,0,0,0,0,Facad/Bldg_Ext_Envelope,30.000032,10,3,0.882353,0.043137,0.117647,1629.6,0.435294,0.560784,0.780392,644.534227
158,257.602107,215.864466,7.5,0,0,0,0,0,0,0,0,0,N/A,N/A,N/A,N/A,N/A,N/A,N/A,N/A,N/A,N/A,N/A,N/A
159,256.011117,216.394796,7.5,0,0,0,0,0,0,0,0,0,N/A,N/A,N/A,N/A,N/A,N/A,N/A,N/A,N/A,N/A,N/A,N/A
160,264.673175,214.450253,7.5,0,0,0,0,0,0,0,0,0,N/A,N/A,N/A,N/A,N/A,N/A,N/A,N/A,N/A,N/A,N/A,N/A
161,249.293602,230.890485,5,0,0,0,0,0,0,0,0,0,Facad/Bldg_Ext_Envelope,30.000032,10,3,0.517647,0,0.482353,71.433333,0.917647,0.172549,0,207.965004
162,259.193097,215.334136,7.5,0,0,0,0,0,0,0,0,0,N/A,N/A,N/A,N/A,N/A,N/A,N/A,N/A,N/A,N/A,N/A,N/A
163,247.349058,228.945942,10,0,0,0,0,0,0,0,0,0,Facad/Bldg_Ext_Envelope,16.500003,3,5.5,1,0.976471,0,3278,0.917647,0.235294,0,1069.304244
164,262.375078,210.030835,7.5,0,0,0,0,0,0,0,0,0,N/A,N/A,N/A,N/A,N/A,N/A,N/A,N/A,N/A,N/A,N/A,N/A
165,248.409719,227.885281,7.5,0,0,0,0,0,0,0,0,0,N/A,N/A,N/A,N/A,N/A,N/A,N/A,N/A,N/A,N/A,N/A,N/A
166,247.525835,224.880078,7.5,0,0,0,0,0,0,0,0,0,N/A,N/A,N/A,N/A,N/A,N/A,N/A,N/A,N/A,N/A,N/A,N/A
167,245.404515,227.001398,5,0,0,0,0,0,0,0,0,0,Facad/Bldg_Ext_Envelope,30.000032,10,3,0.631373,0.062745,0.368627,1219.8,0.490196,0.607843,0.796078,469.700499
168,246.288398,230.006602,5,0,0,0,0,0,0,0,0,0,Facad/Bldg_Ext_Envelope,54.999951,10,5.5,1,0.752941,0,828.8,0.329412,0.454902,0.690196,378.92244
169,253.889796,218.516117,7.5,0,0,0,0,0,0,0,0,0,N/A,N/A,N/A,N/A,N/A,N/A,N/A,N/A,N/A,N/A,N/A,N/A
170,261.844747,211.621825,7.5,0,0,0,0,0,0,0,0,0,N/A,N/A,N/A,N/A,N/A,N/A,N/A,N/A,N/A,N/A,N/A,N/A
171,261.314417,213.212816,7.5,0,0,0,0,0,0,0,0,0,N/A,N/A,N/A,N/A,N/A,N/A,N/A,N/A,N/A,N/A,N/A,N/A
172,254.596903,229.829825,2.5,0,0,0,0,0,0,0,0,0,N/A,N/A,N/A,N/A,N/A,N/A,N/A,N/A,N/A,N/A,N/A,N/A
173,266.794495,214.450253,0,Floor_Surface,4.5,3,1.5,75,107,169,0,1,N/A,N/A,N/A,N/A,N/A,N/A,N/A,N/A,N/A,N/A,N/A,N/A
174,252.475583,229.829825,2.5,0,0,0,0,0,0,0,0,0,N/A,N/A,N/A,N/A,N/A,N/A,N/A,N/A,N/A,N/A,N/A,N/A
175,265.203505,217.101903,0,Floor_Surface,18,3,6,214,175,95,52,1,N/A,N/A,N/A,N/A,N/A,N/A,N/A,N/A,N/A,N/A,N/A,N/A
176,256.718223,229.829825,2.5,Window,5.4,1.8,3,0,0,0,0,1,Facad/Bldg_Ext_Envelope,14.999962,3,5,0.172549,0,0.827451,306.733333,0.670588,0.776471,0.913725,230.432257
177,267.324825,214.980583,2.5,0,0,0,0,0,0,0,0,0,N/A,N/A,N/A,N/A,N/A,N/A,N/A,N/A,N/A,N/A,N/A,N/A
178,253.005913,228.238835,2.5,0,0,0,0,0,0,0,0,0,N/A,N/A,N/A,N/A,N/A,N/A,N/A,N/A,N/A,N/A,N/A,N/A
179,250.884592,230.360155,2.5,0,0,0,0,0,0,0,0,0,Facad/Bldg_Ext_Envelope,7.500008,1.5,5,0.031373,0,0.964706,77.333333,0.917647,0.2,0,288.377184
180,251.945253,229.299495,0,Floor_Surface,4.5,3,1.5,75,107,169,0,1,N/A,N/A,N/A,N/A,N/A,N/A,N/A,N/A,N/A,N/A,N/A,N/A
181,267.855155,213.389592,2.5,0,0,0,0,0,0,0,0,0,Facad/Bldg_Ext_Envelope,7.500008,1.5,5,0.137255,0,0.862745,322,0.45098,0.576471,0.792157,151.587534
182,251.945253,229.299495,5,Floor_Surface,4.5,3,1.5,75,107,169,0,1,N/A,N/A,N/A,N/A,N/A,N/A,N/A,N/A,N/A,N/A,N/A,N/A
183,255.657563,226.647845,2.5,0,0,0,0,0,0,0,0,0,N/A,N/A,N/A,N/A,N/A,N/A,N/A,N/A,N/A,N/A,N/A,N/A
184,266.794495,214.450253,5,Floor_Surface,4.5,3,1.5,75,107,169,0,1,N/A,N/A,N/A,N/A,N/A,N/A,N/A,N/A,N/A,N/A,N/A,N/A
185,265.203505,217.101903,5,Floor_Surface,18,3,6,224,179,87,55,1,N/A,N/A,N/A,N/A,N/A,N/A,N/A,N/A,N/A,N/A,N/A,N/A
186,267.324825,217.101903,2.5,0,0,0,0,0,0,0,0,0,N/A,N/A,N/A,N/A,N/A,N/A,N/A,N/A,N/A,N/A,N/A,N/A
187,258.839544,227.708505,2.5,Window,5.4,1.8,3,0,0,0,0,1,Facad/Bldg_Ext_Envelope,15.00007,3,5,0.168627,0,0.831373,300.066667,0.933333,0.584314,0.066667,212.034742
188,256.718223,225.587184,0,Floor_Surface,18,3,6,215,176,94,52,1,N/A,N/A,N/A,N/A,N/A,N/A,N/A,N/A,N/A,N/A,N/A,N/A
189,254.596903,227.708505,5,Floor_Surface,18,3,6,221,175,86,55,1,N/A,N/A,N/A,N/A,N/A,N/A,N/A,N/A,N/A,N/A,N/A,N/A
190,254.596903,227.708505,0,Floor_Surface,18,3,6,216,176,94,53,1,N/A,N/A,N/A,N/A,N/A,N/A,N/A,N/A,N/A,N/A,N/A,N/A
191,256.718223,225.587184,5,Floor_Surface,18,3,6,223,176,85,55,1,N/A,N/A,N/A,N/A,N/A,N/A,N/A,N/A,N/A,N/A,N/A,N/A
192,258.839544,223.465864,2.5,0,0,0,0,0,0,0,0,0,N/A,N/A,N/A,N/A,N/A,N/A,N/A,N/A,N/A,N/A,N/A,N/A
193,259.369874,221.874874,2.5,0,0,0,0,0,0,0,0,0,N/A,N/A,N/A,N/A,N/A,N/A,N/A,N/A,N/A,N/A,N/A,N/A
194,258.839544,225.587184,2.5,0,0,0,0,0,0,0,0,0,N/A,N/A,N/A,N/A,N/A,N/A,N/A,N/A,N/A,N/A,N/A,N/A
195,257.248553,223.996194,2.5,0,0,0,0,0,0,0,0,0,N/A,N/A,N/A,N/A,N/A,N/A,N/A,N/A,N/A,N/A,N/A,N/A
196,267.855155,213.389592,7.5,0,0,0,0,0,0,0,0,0,Facad/Bldg_Ext_Envelope,7.500008,1.5,5,0.423529,0.003922,0.580392,993.6,0.454902,0.580392,0.796078,308.431765
197,253.536243,230.890485,0,Floor_Surface,9,3,3,238,141,18,74,1,N/A,N/A,N/A,N/A,N/A,N/A,N/A,N/A,N/A,N/A,N/A,N/A
198,266.794495,214.450253,10,0,0,0,0,0,0,0,0,0,Facad/Bldg_Ext_Envelope,4.500034,3,1.5,1,0.913725,0,4536.444444,0.917647,0.2,0,1488.98944
199,253.005913,228.238835,7.5,0,0,0,0,0,0,0,0,0,N/A,N/A,N/A,N/A,N/A,N/A,N/A,N/A,N/A,N/A,N/A,N/A
200,267.324825,214.980583,7.5,0,0,0,0,0,0,0,0,0,N/A,N/A,N/A,N/A,N/A,N/A,N/A,N/A,N/A,N/A,N/A,N/A
201,267.324825,217.101903,7.5,0,0,0,0,0,0,0,0,0,N/A,N/A,N/A,N/A,N/A,N/A,N/A,N/A,N/A,N/A,N/A,N/A
202,252.475583,229.829825,7.5,0,0,0,0,0,0,0,0,0,N/A,N/A,N/A,N/A,N/A,N/A,N/A,N/A,N/A,N/A,N/A,N/A
203,254.596903,231.951145,2.5,Window,5.4,1.8,3,0,0,0,0,1,Facad/Bldg_Ext_Envelope,15.000016,3,5,0.180392,0,0.819608,316.333333,0.592157,0.709804,0.894118,249.746481
204,250.884592,230.360155,7.5,0,0,0,0,0,0,0,0,0,Facad/Bldg_Ext_Envelope,7.500008,1.5,5,0.07451,0,0.92549,175.466667,0.521569,0.643137,0.85098,309.683947
205,267.324825,219.223223,7.5,Window,5.4,1.8,3,0,0,0,0,1,Facad/Bldg_Ext_Envelope,15.00007,3,5,0.32549,0,0.67451,569.533333,0.917647,0.207843,0,210.160277
206,265.203505,217.101903,10,0,0,0,0,0,0,0,0,0,Facad/Bldg_Ext_Envelope,18.000104,3,6,1,0.941176,0,3484.555556,0.917647,0.156863,0,1137.416933
207,252.475583,231.951145,2.5,0,0,0,0,0,0,0,0,0,Facad/Bldg_Ext_Envelope,15.000016,3,5,0.243137,0,0.756863,430.666667,0.917647,0.160784,0,349.070158
208,264.142845,218.162563,7.5,0,0,0,0,0,0,0,0,0,N/A,N/A,N/A,N/A,N/A,N/A,N/A,N/A,N/A,N/A,N/A,N/A
209,253.536243,230.890485,5,Floor_Surface,9,3,3,238,139,16,74,1,N/A,N/A,N/A,N/A,N/A,N/A,N/A,N/A,N/A,N/A,N/A,N/A
210,265.733835,215.510913,7.5,0,0,0,0,0,0,0,0,0,N/A,N/A,N/A,N/A,N/A,N/A,N/A,N/A,N/A,N/A,N/A,N/A
211,268.385485,216.041243,5,Floor_Surface,9,3,3,238,139,16,74,1,N/A,N/A,N/A,N/A,N/A,N/A,N/A,N/A,N/A,N/A,N/A,N/A
212,256.187893,222.935534,7.5,0,0,0,0,0,0,0,0,0,N/A,N/A,N/A,N/A,N/A,N/A,N/A,N/A,N/A,N/A,N/A,N/A
213,260.960864,217.101903,7.5,0,0,0,0,0,0,0,0,0,N/A,N/A,N/A,N/A,N/A,N/A,N/A,N/A,N/A,N/A,N/A,N/A
214,263.082184,214.980583,7.5,0,0,0,0,0,0,0,0,0,N/A,N/A,N/A,N/A,N/A,N/A,N/A,N/A,N/A,N/A,N/A,N/A
215,251.414922,228.769165,7.5,0,0,0,0,0,0,0,0,0,N/A,N/A,N/A,N/A,N/A,N/A,N/A,N/A,N/A,N/A,N/A,N/A
216,257.778883,222.405204,7.5,0,0,0,0,0,0,0,0,0,N/A,N/A,N/A,N/A,N/A,N/A,N/A,N/A,N/A,N/A,N/A,N/A
217,259.900204,220.283883,7.5,0,0,0,0,0,0,0,0,0,N/A,N/A,N/A,N/A,N/A,N/A,N/A,N/A,N/A,N/A,N/A,N/A
218,251.945253,227.178175,7.5,0,0,0,0,0,0,0,0,0,N/A,N/A,N/A,N/A,N/A,N/A,N/A,N/A,N/A,N/A,N/A,N/A
219,245.934845,225.410408,7.5,0,0,0,0,0,0,0,0,0,Facad/Bldg_Ext_Envelope,7.500008,1.5,5,0.541176,0,0.458824,1269.333333,0.917647,0.164706,0,391.233459
220,266.264165,213.919922,7.5,0,0,0,0,0,0,0,0,0,N/A,N/A,N/A,N/A,N/A,N/A,N/A,N/A,N/A,N/A,N/A,N/A
221,252.475583,225.587184,7.5,0,0,0,0,0,0,0,0,0,N/A,N/A,N/A,N/A,N/A,N/A,N/A,N/A,N/A,N/A,N/A,N/A
222,256.895,219.4,10,0,0,0,0,0,0,0,0,0,Facad/Bldg_Ext_Envelope,95.999921,24,14.5,1,0.960784,0,4627.885417,0.45098,0.576471,0.792157,1518.316264
223,246.465175,223.819417,7.5,0,0,0,0,0,0,0,0,0,N/A,N/A,N/A,N/A,N/A,N/A,N/A,N/A,N/A,N/A,N/A,N/A
224,254.596903,223.465864,7.5,0,0,0,0,0,0,0,0,0,N/A,N/A,N/A,N/A,N/A,N/A,N/A,N/A,N/A,N/A,N/A,N/A
225,260.430534,218.692893,7.5,0,0,0,0,0,0,0,0,0,N/A,N/A,N/A,N/A,N/A,N/A,N/A,N/A,N/A,N/A,N/A,N/A
226,260.253757,207.909515,5,Floor_Surface,9,3,3,234,102,0,83,1,N/A,N/A,N/A,N/A,N/A,N/A,N/A,N/A,N/A,N/A,N/A,N/A
227,245.404515,222.758757,10,0,0,0,0,0,0,0,0,0,Facad/Bldg_Ext_Envelope,9.000019,3,3,1,0.996078,0,3669.444444,0.729412,0.819608,0.858824,1184.399534
228,253.889796,214.273476,0,Floor_Surface,9,3,3,234,103,1,82,1,N/A,N/A,N/A,N/A,N/A,N/A,N/A,N/A,N/A,N/A,N/A,N/A
229,261.314417,206.848855,2.5,0,0,0,0,0,0,0,0,0,Facad/Bldg_Ext_Envelope,15.00007,3,5,0.721569,0,0.278431,1264.466667,0.929412,0.552941,0.047059,366.368608
230,246.995505,224.349747,10,0,0,0,0,0,0,0,0,0,Facad/Bldg_Ext_Envelope,4.50001,3,1.5,1,0.992157,0,4872.444444,0.529412,0.654902,0.858824,1573.586483
231,253.359466,217.985786,10,0,0,0,0,0,0,0,0,0,Facad/Bldg_Ext_Envelope,4.50001,1.5,3,1,0.984314,0,4837.555556,0.917647,0.188235,0,1577.074948
232,252.829136,213.212816,2.5,Window,5.4,1.8,3,0,0,0,0,1,Facad/Bldg_Ext_Envelope,15.000016,3,5,1,0.141176,0,2001.866667,0.917647,0.172549,0,832.481726
233,254.420126,216.925126,7.5,0,0,0,0,0,0,0,0,0,N/A,N/A,N/A,N/A,N/A,N/A,N/A,N/A,N/A,N/A,N/A,N/A
234,244.343855,223.819417,7.5,0,0,0,0,0,0,0,0,0,Facad/Bldg_Ext_Envelope,15.000016,3,5,0.466667,0,0.533333,821.666667,0.372549,0.498039,0.72549,351.389236
235,259.193097,206.848855,2.5,Window,5.4,1.8,3,0,0,0,0,1,Facad/Bldg_Ext_Envelope,14.999962,3,5,1,0.164706,0,2042.066667,0.968627,0.8,0.219608,849.509503
236,250.707816,215.334136,7.5,Window,5.4,1.8,3,0,0,0,0,1,Facad/Bldg_Ext_Envelope,14.999962,3,5,1,0.388235,0,2436.866667,0.917647,0.168627,0,896.026187
237,252.829136,215.334136,7.5,0,0,0,0,0,0,0,0,0,N/A,N/A,N/A,N/A,N/A,N/A,N/A,N/A,N/A,N/A,N/A,N/A
238,260.253757,207.909515,0,Floor_Surface,9,3,3,234,103,1,82,1,N/A,N/A,N/A,N/A,N/A,N/A,N/A,N/A,N/A,N/A,N/A,N/A
239,251.768476,216.394796,10,0,0,0,0,0,0,0,0,0,Facad/Bldg_Ext_Envelope,8.999987,3,3,1,0.988235,0,3644.666667,0.917647,0.180392,0,1184.450322
240,261.314417,208.970175,7.5,0,0,0,0,0,0,0,0,0,N/A,N/A,N/A,N/A,N/A,N/A,N/A,N/A,N/A,N/A,N/A,N/A
241,253.889796,214.273476,5,Floor_Surface,9,3,3,234,102,1,82,1,N/A,N/A,N/A,N/A,N/A,N/A,N/A,N/A,N/A,N/A,N/A,N/A
242,244.343855,221.698097,7.5,Window,5.4,1.8,3,0,0,0,0,1,Facad/Bldg_Ext_Envelope,15.000016,3,5,1,0.305882,0,2286.466667,0.921569,0.505882,0.015686,827.170785
243,252.829136,217.455456,7.5,0,0,0,0,0,0,0,0,0,N/A,N/A,N/A,N/A,N/A,N/A,N/A,N/A,N/A,N/A,N/A,N/A
244,261.844747,209.500505,10,0,0,0,0,0,0,0,0,0,Facad/Bldg_Ext_Envelope,4.499977,1.5,3,1,0.929412,0,4598.444444,0.917647,0.156863,0,1521.022228
245,260.784087,210.561165,7.5,0,0,0,0,0,0,0,0,0,N/A,N/A,N/A,N/A,N/A,N/A,N/A,N/A,N/A,N/A,N/A,N/A
246,256.541447,214.803806,7.5,0,0,0,0,0,0,0,0,0,N/A,N/A,N/A,N/A,N/A,N/A,N/A,N/A,N/A,N/A,N/A,N/A
247,254.950456,213.212816,7.5,0,0,0,0,0,0,0,0,0,N/A,N/A,N/A,N/A,N/A,N/A,N/A,N/A,N/A,N/A,N/A,N/A
248,258.132437,212.152155,7.5,0,0,0,0,0,0,0,0,0,N/A,N/A,N/A,N/A,N/A,N/A,N/A,N/A,N/A,N/A,N/A,N/A
249,259.193097,208.970175,7.5,0,0,0,0,0,0,0,0,0,N/A,N/A,N/A,N/A,N/A,N/A,N/A,N/A,N/A,N/A,N/A,N/A
250,254.950456,215.334136,7.5,0,0,0,0,0,0,0,0,0,N/A,N/A,N/A,N/A,N/A,N/A,N/A,N/A,N/A,N/A,N/A,N/A
251,255.480786,215.864466,10,0,0,0,0,0,0,0,0,0,Facad/Bldg_Ext_Envelope,4.499994,3,1.5,1,0.984314,0,4835.333333,0.941176,0.639216,0.105882,1579.069173
252,254.950456,211.091495,7.5,Window,5.4,1.8,3,0,0,0,0,1,Facad/Bldg_Ext_Envelope,14.999962,3,5,1,0.411765,0,2477.333333,0.941176,0.870588,0.372549,922.594346
253,269.446145,217.101903,2.5,Window,5.4,1.8,3,0,0,0,0,1,Facad/Bldg_Ext_Envelope,14.999962,3,5,0.176471,0,0.823529,314.8,0.454902,0.580392,0.796078,209.796117
254,259.193097,211.091495,10,0,0,0,0,0,0,0,0,0,Facad/Bldg_Ext_Envelope,18.000104,6,3,1,0.968627,0,3581.888889,0.466667,0.592157,0.803922,1155.837868
255,257.071777,213.212816,10,0,0,0,0,0,0,0,0,0,Facad/Bldg_Ext_Envelope,17.999926,3,6,1,0.980392,0,3611.722222,0.933333,0.580392,0.062745,1171.369523
256,269.446145,214.980583,2.5,0,0,0,0,0,0,0,0,0,Facad/Bldg_Ext_Envelope,14.999962,3,5,0.262745,0,0.737255,460.866667,0.462745,0.588235,0.8,192.337155
257,268.385485,216.041243,0,Floor_Surface,9,3,3,238,142,18,73,1,N/A,N/A,N/A,N/A,N/A,N/A,N/A,N/A,N/A,N/A,N/A,N/A
258,257.071777,208.970175,7.5,Window,5.4,1.8,3,0,0,0,0,1,Facad/Bldg_Ext_Envelope,15.00007,3,5,1,0.4,0,2453.6,0.917647,0.203922,0,919.20368
259,262.905408,208.439845,7.5,0,0,0,0,0,0,0,0,0,Facad/Bldg_Ext_Envelope,7.4999,1.5,5,0.827451,0.007843,0.172549,1953.066667,0.92549,0.533333,0.035294,578.901369
260,251.945253,229.299495,10,0,0,0,0,0,0,0,0,0,Facad/Bldg_Ext_Envelope,4.499985,1.5,3,1,0.956863,0,4726.666667,0.666667,0.772549,0.909804,1562.915675
261,259.369874,221.874874,7.5,0,0,0,0,0,0,0,0,0,N/A,N/A,N/A,N/A,N/A,N/A,N/A,N/A,N/A,N/A,N/A,N/A
262,255.657563,226.647845,7.5,0,0,0,0,0,0,0,0,0,N/A,N/A,N/A,N/A,N/A,N/A,N/A,N/A,N/A,N/A,N/A,N/A
263,259.900204,224.526524,5,Floor_Surface,9,3,3,238,139,16,74,1,N/A,N/A,N/A,N/A,N/A,N/A,N/A,N/A,N/A,N/A,N/A,N/A
264,260.960864,223.465864,2.5,0,0,0,0,0,0,0,0,0,N/A,N/A,N/A,N/A,N/A,N/A,N/A,N/A,N/A,N/A,N/A,N/A
265,258.309214,222.935534,10,0,0,0,0,0,0,0,0,0,Facad/Bldg_Ext_Envelope,4.499977,3,1.5,1,0.933333,0,4610.888889,0.917647,0.207843,0,1559.714456
266,258.839544,227.708505,7.5,Window,5.4,1.8,3,0,0,0,0,1,Facad/Bldg_Ext_Envelope,15.00007,3,5,0.243137,0,0.756863,433.2,0.690196,0.8,0.92549,215.550027
267,254.596903,229.829825,7.5,0,0,0,0,0,0,0,0,0,N/A,N/A,N/A,N/A,N/A,N/A,N/A,N/A,N/A,N/A,N/A,N/A
268,260.960864,225.587184,2.5,Window,5.4,1.8,3,0,0,0,0,1,Facad/Bldg_Ext_Envelope,14.999962,3,5,0.172549,0,0.827451,301.333333,0.678431,0.788235,0.929412,207.884877
269,257.248553,223.996194,7.5,0,0,0,0,0,0,0,0,0,N/A,N/A,N/A,N/A,N/A,N/A,N/A,N/A,N/A,N/A,N/A,N/A
270,256.718223,229.829825,7.5,Window,5.4,1.8,3,0,0,0,0,1,Facad/Bldg_Ext_Envelope,14.999962,3,5,0.25098,0,0.74902,442.666667,0.917647,0.156863,0,240.329623
271,258.839544,225.587184,7.5,0,0,0,0,0,0,0,0,0,N/A,N/A,N/A,N/A,N/A,N/A,N/A,N/A,N/A,N/A,N/A,N/A
272,259.900204,224.526524,0,Floor_Surface,9,3,3,239,142,18,73,1,N/A,N/A,N/A,N/A,N/A,N/A,N/A,N/A,N/A,N/A,N/A,N/A
273,256.718223,225.587184,10,0,0,0,0,0,0,0,0,0,Facad/Bldg_Ext_Envelope,18.000055,3,6,1,0.937255,0,3474.944444,0.92549,0.529412,0.031373,1164.088786
274,258.839544,223.465864,7.5,0,0,0,0,0,0,0,0,0,N/A,N/A,N/A,N/A,N/A,N/A,N/A,N/A,N/A,N/A,N/A,N/A
275,254.596903,227.708505,10,0,0,0,0,0,0,0,0,0,Facad/Bldg_Ext_Envelope,17.999982,6,3,1,0.945098,0,3498.777778,0.937255,0.603922,0.078431,1169.118267
276,268.385485,216.041243,10,0,0,0,0,0,0,0,0,0,Facad/Bldg_Ext_Envelope,9.000019,3,3,1,0.909804,0,3377.444444,0.454902,0.580392,0.796078,1113.194238
277,254.596903,231.951145,7.5,Window,5.4,1.8,3,0,0,0,0,1,Facad/Bldg_Ext_Envelope,15.000016,3,5,0.262745,0,0.737255,459.666667,0.917647,0.156863,0,259.256675
278,269.446145,214.980583,7.5,0,0,0,0,0,0,0,0,0,Facad/Bldg_Ext_Envelope,14.999962,3,5,0.698039,0.011765,0.301961,1247.933333,0.447059,0.572549,0.788235,342.093537
279,262.021524,222.405204,0,Floor_Surface,9,3,3,238,142,19,73,1,N/A,N/A,N/A,N/A,N/A,N/A,N/A,N/A,N/A,N/A,N/A,N/A
280,265.203505,221.344544,7.5,Window,5.4,1.8,3,0,0,0,0,1,Facad/Bldg_Ext_Envelope,14.999908,3,5,0.282353,0,0.717647,498.733333,0.917647,0.156863,0,203.350764
281,263.082184,219.223223,10,0,0,0,0,0,0,0,0,0,Facad/Bldg_Ext_Envelope,17.999926,6,3,1,0.941176,0,3482.777778,0.458824,0.580392,0.8,1146.680967
282,263.082184,223.465864,2.5,Window,5.4,1.8,3,0,0,0,0,1,Facad/Bldg_Ext_Envelope,15.00007,3,5,0.180392,0,0.819608,323.666667,0.917647,0.172549,0,202.945395
283,261.491194,219.753553,7.5,0,0,0,0,0,0,0,0,0,N/A,N/A,N/A,N/A,N/A,N/A,N/A,N/A,N/A,N/A,N/A,N/A
284,260.960864,221.344544,7.5,0,0,0,0,0,0,0,0,0,N/A,N/A,N/A,N/A,N/A,N/A,N/A,N/A,N/A,N/A,N/A,N/A
285,259.193097,206.848855,7.5,Window,5.4,1.8,3,0,0,0,0,1,Facad/Bldg_Ext_Envelope,14.999962,3,5,1,0.368627,0,2403.333333,0.917647,0.160784,0,898.897084
286,262.021524,222.405204,5,Floor_Surface,9,3,3,238,139,16,74,1,N/A,N/A,N/A,N/A,N/A,N/A,N/A,N/A,N/A,N/A,N/A,N/A
287,253.889796,214.273476,10,0,0,0,0,0,0,0,0,0,Facad/Bldg_Ext_Envelope,8.999955,3,3,1,0.988235,0,3640.555556,0.768627,0.796078,0.694118,1183.995758
288,269.446145,217.101903,7.5,Window,5.4,1.8,3,0,0,0,0,1,Facad/Bldg_Ext_Envelope,14.999962,3,5,0.341176,0,0.658824,597.666667,0.917647,0.180392,0,228.454785
289,260.430534,220.814214,10,0,0,0,0,0,0,0,0,0,Facad/Bldg_Ext_Envelope,4.499985,1.5,3,1,0.933333,0,4624.444444,0.537255,0.658824,0.862745,1550.075464
290,263.082184,221.344544,7.5,0,0,0,0,0,0,0,0,0,N/A,N/A,N/A,N/A,N/A,N/A,N/A,N/A,N/A,N/A,N/A,N/A
291,260.253757,207.909515,10,0,0,0,0,0,0,0,0,0,Facad/Bldg_Ext_Envelope,9.000019,3,3,1,0.933333,0,3459.666667,0.921569,0.509804,0.019608,1139.386831
292,261.314417,206.848855,7.5,0,0,0,0,0,0,0,0,0,Facad/Bldg_Ext_Envelope,15.00007,3,5,0.87451,0.015686,0.12549,1564.266667,0.933333,0.580392,0.062745,464.939096
293,252.829136,213.212816,7.5,Window,5.4,1.8,3,0,0,0,0,1,Facad/Bldg_Ext_Envelope,15.000016,3,5,1,0.407843,0,2468,0.917647,0.309804,0,917.905262
294,263.082184,223.465864,7.5,Window,5.4,1.8,3,0,0,0,0,1,Facad/Bldg_Ext_Envelope,15.00007,3,5,0.25098,0,0.74902,445.466667,0.443137,0.568627,0.784314,198.459422
295,260.960864,223.465864,7.5,0,0,0,0,0,0,0,0,0,N/A,N/A,N/A,N/A,N/A,N/A,N/A,N/A,N/A,N/A,N/A,N/A
296,259.900204,224.526524,10,0,0,0,0,0,0,0,0,0,Facad/Bldg_Ext_Envelope,9.000019,3,3,1,0.921569,0,3423.666667,0.917647,0.203922,0,1145.303434
297,252.475583,231.951145,7.5,0,0,0,0,0,0,0,0,0,Facad/Bldg_Ext_Envelope,15.000016,3,5,0.411765,0,0.588235,722.666667,0.490196,0.611765,0.823529,385.286577
298,260.960864,225.587184,7.5,Window,5.4,1.8,3,0,0,0,0,1,Facad/Bldg_Ext_Envelope,14.999962,3,5,0.243137,0,0.756863,428,0.764706,0.835294,0.792157,210.139705
299,262.021524,222.405204,10,0,0,0,0,0,0,0,0,0,Facad/Bldg_Ext_Envelope,8.999987,3,3,1,0.917647,0,3407.333333,0.443137,0.568627,0.788235,1141.552899
300,253.536243,230.890485,10,0,0,0,0,0,0,0,0,0,Facad/Bldg_Ext_Envelope,9.000019,3,3,1,0.941176,0,3492.888889,0.505882,0.627451,0.835294,1167.301116
